{"config": {"brake_resistance": 2.0, "enable_uart": true, "enable_i2c_instead_of_can": false, "enable_ascii_protocol_on_usb": true, "dc_bus_undervoltage_trip_level": 8.0, "dc_bus_overvoltage_trip_level": 55.0}, "axis0": {"config": {"startup_motor_calibration": false, "startup_encoder_index_search": false, "startup_encoder_offset_calibration": false, "startup_closed_loop_control": false, "startup_sensorless_control": false, "enable_step_dir": false, "counts_per_step": 2.0, "ramp_up_time": 0.4000000059604645, "ramp_up_distance": 12.5, "spin_up_current": 10.0, "spin_up_acceleration": 400.0, "spin_up_target_vel": 400.0, "can_node_id": 0}, "motor": {"config": {"pre_calibrated": false, "pole_pairs": 2, "calibration_current": 10.0, "resistance_calib_max_voltage": 5.0, "phase_inductance": 0.0, "phase_resistance": 0.0, "direction": -1, "motor_type": 0, "current_lim": 10.0, "requested_current_range": 70.0, "current_control_bandwidth": 1000.0}}, "controller": {"config": {"control_mode": 3, "pos_gain": 20.0, "vel_gain": 0.0005000000237487257, "vel_integrator_gain": 0.0010000000474974513, "vel_limit": 20000.0}}, "encoder": {"config": {"mode": 0, "use_index": true, "pre_calibrated": false, "idx_search_speed": 10.0, "cpr": 4096, "offset": 0, "offset_float": 0.0, "bandwidth": 1000.0, "calib_range": 0.019999999552965164}}, "sensorless_estimator": {"config": {"observer_gain": 1000.0, "pll_bandwidth": 1000.0, "pm_flux_linkage": 0.0015800000401213765}}, "trap_traj": {"config": {"vel_limit": 20000.0, "accel_limit": 5000.0, "decel_limit": 5000.0, "A_per_css": 0.0}}}, "axis1": {"config": {"startup_motor_calibration": false, "startup_encoder_index_search": false, "startup_encoder_offset_calibration": false, "startup_closed_loop_control": false, "startup_sensorless_control": false, "enable_step_dir": false, "counts_per_step": 2.0, "ramp_up_time": 0.4000000059604645, "ramp_up_distance": 12.566370964050293, "spin_up_current": 10.0, "spin_up_acceleration": 400.0, "spin_up_target_vel": 400.0, "can_node_id": 0}, "motor": {"config": {"pre_calibrated": false, "pole_pairs": 7, "calibration_current": 10.0, "resistance_calib_max_voltage": 2.0, "phase_inductance": 0.0, "phase_resistance": 0.0, "direction": 1, "motor_type": 0, "current_lim": 10.0, "requested_current_range": 70.0, "current_control_bandwidth": 1000.0}}, "controller": {"config": {"control_mode": 3, "pos_gain": 20.0, "vel_gain": 0.0005000000237487257, "vel_integrator_gain": 0.0010000000474974513, "vel_limit": 20000.0}}, "encoder": {"config": {"mode": 0, "use_index": false, "pre_calibrated": false, "idx_search_speed": 10.0, "cpr": 8192, "offset": 0, "offset_float": 0.0, "bandwidth": 1000.0, "calib_range": 0.019999999552965164}}, "sensorless_estimator": {"config": {"observer_gain": 1000.0, "pll_bandwidth": 1000.0, "pm_flux_linkage": 0.0015800000401213765}}, "trap_traj": {"config": {"vel_limit": 20000.0, "accel_limit": 5000.0, "decel_limit": 5000.0, "A_per_css": 0.0}}}, "can": {"config": {"baud_rate": 250000}}}