{"config": {"brake_resistance": 0.5, "max_regen_current": 0.0, "enable_uart": true, "enable_i2c_instead_of_can": false, "enable_ascii_protocol_on_usb": true, "dc_bus_undervoltage_trip_level": 8.0, "dc_bus_overvoltage_trip_level": 62.0, "power_supply_min_current": -Infinity, "power_supply_max_current": Infinity}, "axis0": {"config": {"startup_motor_calibration": false, "startup_encoder_index_search": true, "startup_encoder_offset_calibration": true, "startup_closed_loop_control": true, "startup_sensorless_control": false, "startup_homing": false, "enable_step_dir": false, "counts_per_step": 2.0, "watchdog_timeout": 0.0, "enable_watchdog": false, "step_gpio_pin": 1, "dir_gpio_pin": 2, "can_node_id": 0, "can_heartbeat_rate_ms": 100}, "motor": {"config": {"pre_calibrated": true, "pole_pairs": 7, "calibration_current": 35.0, "resistance_calib_max_voltage": 4.0, "phase_inductance": 2.2606574930250645e-05, "phase_resistance": 0.03417275846004486, "direction": -1, "motor_type": 0, "current_lim": 50.0, "current_lim_tolerance": 5.0, "inverter_temp_limit_lower": 100.0, "inverter_temp_limit_upper": 120.0, "requested_current_range": 75.0, "current_control_bandwidth": 1000.0}}, "controller": {"config": {"enable_vel_limit": true, "enable_current_mode_vel_limit": true, "enable_gain_scheduling": false, "enable_overspeed_error": false, "control_mode": 2, "input_mode": 1, "pos_gain": 10.0, "vel_gain": 0.0005000000237487257, "current_vel_gain": 0.0005000000237487257, "vel_integrator_gain": 0.0010000000474974513, "vel_limit": 68266.671875, "vel_limit_tolerance": 1.2000000476837158, "vel_ramp_rate": 200000.0, "current_ramp_rate": 1.0, "homing_speed": 2000.0, "inertia": 0.0, "axis_to_mirror": 255, "mirror_ratio": 1.0, "load_encoder_axis": 0, "trav_upper_lim": 737280.0, "trav_lower_lim": 500.0, "deadstop_calibrate": false, "duty_cycle_time": 5.0, "duty_cycle_peak": 25.0, "current_cont": 15.0, "current_peak": 50.0, "drive_id": 120, "input_bitrate": 18.0, "dead_current": 15.0, "dead_speed": -4000.0, "dead_timer": 4000, "crash_timer": 3.0, "charge_pump_enable": true, "duty_cycle_limiter": false, "s_curve_enable": false, "input_filter_bandwidth": 2.0}}, "encoder": {"config": {"mode": 0, "use_index": true, "find_idx_on_lockin_only": true, "pre_calibrated": false, "abs_spi_cs_gpio_pin": 0, "zero_count_on_find_idx": true, "cpr": 8192, "offset": -3691, "offset_float": -0.24606257677078247, "enable_phase_interpolation": true, "bandwidth": 1000.0, "calib_range": 0.019999999552965164, "calib_scan_distance": 38.0, "calib_scan_omega": 12.566370964050293, "idx_search_unidirectional": false, "ignore_illegal_hall_state": false}}, "sensorless_estimator": {"config": {"observer_gain": 1000.0, "pll_bandwidth": 1000.0, "pm_flux_linkage": 0.0015800000401213765}}, "trap_traj": {"config": {"vel_limit": 20000.0, "accel_limit": 5000.0, "decel_limit": 5000.0}}, "min_endstop": {"config": {"gpio_num": 0, "enabled": false, "offset": 0.0, "is_active_high": false, "pullup": false, "debounce_ms": 50.0}}, "max_endstop": {"config": {"gpio_num": 0, "enabled": false, "offset": 0.0, "is_active_high": false, "pullup": false, "debounce_ms": 50.0}}}, "axis1": {"config": {"startup_motor_calibration": false, "startup_encoder_index_search": true, "startup_encoder_offset_calibration": true, "startup_closed_loop_control": true, "startup_sensorless_control": false, "startup_homing": false, "enable_step_dir": false, "counts_per_step": 2.0, "watchdog_timeout": 0.0, "enable_watchdog": false, "step_gpio_pin": 7, "dir_gpio_pin": 8, "can_node_id": 1, "can_heartbeat_rate_ms": 100}, "motor": {"config": {"pre_calibrated": true, "pole_pairs": 7, "calibration_current": 35.0, "resistance_calib_max_voltage": 4.0, "phase_inductance": 2.8912789275636896e-05, "phase_resistance": 0.03199189156293869, "direction": -1, "motor_type": 0, "current_lim": 50.0, "current_lim_tolerance": 5.0, "inverter_temp_limit_lower": 100.0, "inverter_temp_limit_upper": 120.0, "requested_current_range": 75.0, "current_control_bandwidth": 1000.0}}, "controller": {"config": {"enable_vel_limit": true, "enable_current_mode_vel_limit": true, "enable_gain_scheduling": false, "enable_overspeed_error": false, "control_mode": 2, "input_mode": 1, "pos_gain": 10.0, "vel_gain": 0.0005000000237487257, "current_vel_gain": 0.0005000000237487257, "vel_integrator_gain": 0.0010000000474974513, "vel_limit": 68266.671875, "vel_limit_tolerance": 1.2000000476837158, "vel_ramp_rate": 200000.0, "current_ramp_rate": 1.0, "homing_speed": 2000.0, "inertia": 0.0, "axis_to_mirror": 255, "mirror_ratio": 1.0, "load_encoder_axis": 1, "trav_upper_lim": 737280.0, "trav_lower_lim": 500.0, "deadstop_calibrate": false, "duty_cycle_time": 5.0, "duty_cycle_peak": 25.0, "current_cont": 15.0, "current_peak": 50.0, "drive_id": 120, "input_bitrate": 18.0, "dead_current": 15.0, "dead_speed": -4000.0, "dead_timer": 4000, "crash_timer": 3.0, "charge_pump_enable": true, "duty_cycle_limiter": false, "s_curve_enable": false, "input_filter_bandwidth": 2.0}}, "encoder": {"config": {"mode": 0, "use_index": true, "find_idx_on_lockin_only": true, "pre_calibrated": false, "abs_spi_cs_gpio_pin": 0, "zero_count_on_find_idx": true, "cpr": 8192, "offset": -3367, "offset_float": -0.016597092151641846, "enable_phase_interpolation": true, "bandwidth": 1000.0, "calib_range": 0.019999999552965164, "calib_scan_distance": 38.0, "calib_scan_omega": 12.566370964050293, "idx_search_unidirectional": false, "ignore_illegal_hall_state": false}}, "sensorless_estimator": {"config": {"observer_gain": 1000.0, "pll_bandwidth": 1000.0, "pm_flux_linkage": 0.0015800000401213765}}, "trap_traj": {"config": {"vel_limit": 20000.0, "accel_limit": 5000.0, "decel_limit": 5000.0}}, "min_endstop": {"config": {"gpio_num": 0, "enabled": false, "offset": 0.0, "is_active_high": false, "pullup": false, "debounce_ms": 50.0}}, "max_endstop": {"config": {"gpio_num": 0, "enabled": false, "offset": 0.0, "is_active_high": false, "pullup": false, "debounce_ms": 50.0}}}, "can": {"config": {"baud_rate": 250000}}}